{"chunk_definitions":[{"row":87,"row_count":1,"visible":true,"expansion_state":0,"options":{"engine":"r","label":"map","include":true,"echo":true,"dev":"png"},"document_id":"4A58DC02","chunk_id":"cvkkdxm475dny","chunk_label":"map"},{"row":110,"row_count":1,"visible":true,"expansion_state":0,"options":{"engine":"r","label":"time series","include":true,"echo":true,"dev":"png"},"document_id":"4A58DC02","chunk_id":"car6nw7bn8qez","chunk_label":"time series"},{"row":133,"row_count":1,"visible":true,"expansion_state":0,"options":{"engine":"r","label":"time series","include":true,"echo":true,"dev":"png"},"document_id":"4A58DC02","chunk_id":"cc8ax6ru9l7iy","chunk_label":"time series 2"},{"row":149,"row_count":1,"visible":true,"expansion_state":0,"options":{"engine":"r","label":"unnamed-chunk-33","dev":"png"},"document_id":"4A58DC02","chunk_id":"cu29oa4sbt2kw","chunk_label":"unnamed-chunk-1"},{"row":165,"row_count":1,"visible":true,"expansion_state":0,"options":{"engine":"r","label":"unnamed-chunk-16","dev":"png"},"document_id":"4A58DC02","chunk_id":"cn0rp06rj1s6f","chunk_label":"unnamed-chunk-2"},{"row":183,"row_count":1,"visible":true,"expansion_state":0,"options":{"engine":"r","label":"unnamed-chunk-11","dev":"png"},"document_id":"4A58DC02","chunk_id":"cga688fcfrxl6","chunk_label":"unnamed-chunk-3"},{"row":199,"row_count":1,"visible":true,"expansion_state":0,"options":{"engine":"r","label":"unnamed-chunk-21","dev":"png"},"document_id":"4A58DC02","chunk_id":"cl8ars4tg19uh","chunk_label":"unnamed-chunk-4"},{"row":215,"row_count":1,"visible":true,"expansion_state":0,"options":{"engine":"r","label":"unnamed-chunk-34","dev":"png"},"document_id":"4A58DC02","chunk_id":"cfheuwkkofmf0","chunk_label":"unnamed-chunk-5"},{"row":242,"row_count":1,"visible":true,"expansion_state":0,"options":{"engine":"r","label":"unnamed-chunk-25","dev":"png"},"document_id":"4A58DC02","chunk_id":"ckgr6jid7rbdi","chunk_label":"unnamed-chunk-7"},{"row":270,"row_count":1,"visible":true,"expansion_state":0,"options":{"engine":"r","label":"unnamed-chunk-13","dev":"png"},"document_id":"4A58DC02","chunk_id":"cdcl8jwqi09hq","chunk_label":"unnamed-chunk-8"}],"doc_write_time":1714619068}