"0","unicef_metadata <- read_csv(""unicef_metadata.csv"")"
"2","[1mRows: [22m[34m13293[39m [1mColumns: [22m[34m11[39m"
"2","[36m──[39m [1mColumn specification[22m [36m──────────────────────────────────────────────────────────────────[39m
[1mDelimiter:[22m "",""
[31mchr[39m (3): country, alpha_2_code, alpha_3_code
[32mdbl[39m (8): numeric_code, year, Population, total, GDP per capita (constant 2015 US$), GN..."
"2","
[36mℹ[39m Use `spec()` to retrieve the full column specification for this data.
[36mℹ[39m Specify the column types or set `show_col_types = FALSE` to quiet this message."
"0","data_2022 <- unicef_metadata %>%"
"0","  filter(year == 2022)"
"0","sorted_data <- data_2022 %>%"
"0","  arrange(desc(`GNI (current US$)`))"
"0","top_5_countries <- head(sorted_data, 5)"
"0","ggplot(top_5_countries, aes(x = reorder(country, `GNI (current US$)`), y = `GNI (current US$)`)) +"
"0","  geom_bar(stat = ""identity"", fill = ""#BC544B"") +"
"0","  labs(title = ""Top 5 Countries with Highest GNI in 2022"","
"0","       x = ""Country"","
"0","       y = ""GNI (current US$)"") +"
"0","  theme(axis.text.x = element_text(angle = 45, hjust = 1)) +"
"0","  theme_minimal()"
